{"L_x_index": [0, 1, 3, 5, 7, 9, 11, 13, 15, 17, 18, 20, 22, 24, 26, 28, 30, 32, 34, 35, 37, 39, 41, 43, 45, 47, 49, 51, 52, 54, 56, 58, 60, 62, 64, 66, 68, 69, 71, 73, 75, 77, 79, 81, 83, 85, 86, 88, 90, 92, 94, 96, 98, 100, 102, 103, 105, 107, 109, 111, 113, 115, 117, 119, 120, 122, 124, 126, 128, 130, 132, 134, 136, 137, 139, 141, 143, 145, 147, 149, 151, 153, 154, 156, 158, 160, 162, 164, 166, 168, 170, 171, 173, 175, 177, 179, 181, 183, 185, 187], "L_y_index": [0.0026738643646240234, 0.0026085376739501953, 0.0026116371154785156, 0.002649545669555664, 0.0025980472564697266, 0.002635478973388672, 0.003385782241821289, 0.003484010696411133, 0.0026628971099853516, 0.0026810169219970703, 0.0029251575469970703, 0.002892732620239258, 0.0023698806762695312, 0.002880096435546875, 0.0029573440551757812, 0.003153562545776367, 0.003052234649658203, 0.004151105880737305, 0.0035789012908935547, 0.002769947052001953, 0.003371000289916992, 0.0030312538146972656, 0.0039017200469970703, 0.0036351680755615234, 0.0019903182983398438, 0.0020339488983154297, 0.002290010452270508, 0.0020225048065185547, 0.002022266387939453, 0.0028924942016601562, 0.0024797916412353516, 0.0028009414672851562, 0.002355813980102539, 0.0020596981048583984, 0.004227876663208008, 0.00523829460144043, 0.003337383270263672, 0.004022121429443359, 0.004124879837036133, 0.0027167797088623047, 0.0027463436126708984, 0.0022802352905273438, 0.0022623538970947266, 0.0019757747650146484, 0.001764535903930664, 0.0018665790557861328, 0.002109050750732422, 0.00185394287109375, 0.0019376277923583984, 0.0021376609802246094, 0.002118825912475586, 0.001779317855834961, 0.002106189727783203, 0.0021631717681884766, 0.0022106170654296875, 0.0021126270294189453, 0.0019147396087646484, 0.0020608901977539062, 0.0019767284393310547, 0.0014917850494384766, 0.001756429672241211, 0.0019235610961914062, 0.0016865730285644531, 0.0016939640045166016, 0.0016160011291503906, 0.0017197132110595703, 0.0015163421630859375, 0.0017952919006347656, 0.002327442169189453, 0.0019235610961914062, 0.001897573471069336, 0.0015625953674316406, 0.001676321029663086, 0.0016820430755615234, 0.0015184879302978516, 0.0014798641204833984, 0.0014722347259521484, 0.0014007091522216797, 0.0014348030090332031, 0.0014998912811279297, 0.002093076705932617, 0.0016376972198486328, 0.0015015602111816406, 0.001516103744506836, 0.0018565654754638672, 0.0015940666198730469, 0.0019268989562988281, 0.0017547607421875, 0.001443624496459961, 0.001430511474609375, 0.001573324203491211, 0.0014224052429199219, 0.0017368793487548828, 0.0014336109161376953, 0.0015151500701904297, 0.0014073848724365234, 0.001516103744506836, 0.0015254020690917969, 0.0015490055084228516, 0.0014178752899169922], "L_x_no_index": [0, 1, 3, 5, 7, 9, 11, 13, 15, 17, 18, 20, 22, 24, 26, 28, 30, 32, 34, 35, 37, 39, 41, 43, 45, 47, 49, 51, 52, 54, 56, 58, 60, 62, 64, 66, 68, 69, 71, 73, 75, 77, 79, 81, 83, 85, 86, 88, 90, 92, 94, 96, 98, 100, 102, 103, 105, 107, 109, 111, 113, 115, 117, 119, 120, 122, 124, 126, 128, 130, 132, 134, 136, 137, 139, 141, 143, 145, 147, 149, 151, 153, 154, 156, 158, 160, 162, 164, 166, 168, 170, 171, 173, 175, 177, 179, 181, 183, 185, 187], "L_y_no_index": [0.07011151313781738, 0.0693063735961914, 0.06935262680053711, 0.07130146026611328, 0.07001829147338867, 0.06961703300476074, 0.07062029838562012, 0.07475686073303223, 0.06909942626953125, 0.06992459297180176, 0.06964755058288574, 0.07003474235534668, 0.06915712356567383, 0.07075381278991699, 0.08207368850708008, 0.06963396072387695, 0.069183349609375, 0.0684516429901123, 0.0686945915222168, 0.0684804916381836, 0.07028436660766602, 0.06993246078491211, 0.06834530830383301, 0.0687251091003418, 0.06814002990722656, 0.06913018226623535, 0.06962013244628906, 0.07603311538696289, 0.07190489768981934, 0.06859707832336426, 0.06866455078125, 0.07546186447143555, 0.06881117820739746, 0.06810283660888672, 0.06791186332702637, 0.0689084529876709, 0.06844758987426758, 0.06811141967773438, 0.06891274452209473, 0.07361364364624023, 0.0712897777557373, 0.06858444213867188, 0.07835578918457031, 0.06865191459655762, 0.06942319869995117, 0.07484865188598633, 0.06769657135009766, 0.07030916213989258, 0.06883716583251953, 0.06812763214111328, 0.06853580474853516, 0.07468199729919434, 0.07138633728027344, 0.0680844783782959, 0.07061433792114258, 0.06832408905029297, 0.06785297393798828, 0.07243919372558594, 0.07065725326538086, 0.06815981864929199, 0.06847476959228516, 0.06846451759338379, 0.0756826400756836, 0.06815862655639648, 0.0683450698852539, 0.07271981239318848, 0.06929850578308105, 0.07036137580871582, 0.0681905746459961, 0.06923890113830566, 0.06744003295898438, 0.06783509254455566, 0.0680241584777832, 0.06816220283508301, 0.06779766082763672, 0.06786894798278809, 0.06742358207702637, 0.06838107109069824, 0.06817412376403809, 0.0682370662689209, 0.06793689727783203, 0.0675356388092041, 0.07633566856384277, 0.06810235977172852, 0.06847977638244629, 0.07117962837219238, 0.06750941276550293, 0.06756734848022461, 0.06785702705383301, 0.06884145736694336, 0.06758379936218262, 0.07049083709716797, 0.06754112243652344, 0.06758880615234375, 0.06835556030273438, 0.06742429733276367, 0.06812024116516113, 0.06783270835876465, 0.06775355339050293, 0.06799006462097168], "nbr_items_to_display": 100, "index_count_mean_duration": 0.0010024118423461914, "no_index_count_mean_duration": 0.06713908433914184}