{"L_x_index": [0, 1, 3, 5, 7, 9, 11, 13, 15, 17, 18, 20, 22, 24, 26, 28, 30, 32, 34, 35, 37, 39, 41, 43, 45, 47, 49, 51, 52, 54, 56, 58, 60, 62, 64, 66, 68, 69, 71, 73, 75, 77, 79, 81, 83, 85, 86, 88, 90, 92, 94, 96, 98, 100, 102, 103, 105, 107, 109, 111, 113, 115, 117, 119, 120, 122, 124, 126, 128, 130, 132, 134, 136, 137, 139, 141, 143, 145, 147, 149, 151, 153, 154, 156, 158, 160, 162, 164, 166, 168, 170, 171, 173, 175, 177, 179, 181, 183, 185, 187], "L_y_index": [0.0036063194274902344, 0.002582073211669922, 0.002482891082763672, 0.0021965503692626953, 0.002018451690673828, 0.002483844757080078, 0.0020935535430908203, 0.0020322799682617188, 0.0020470619201660156, 0.002271890640258789, 0.0029647350311279297, 0.0028553009033203125, 0.002543926239013672, 0.0024039745330810547, 0.0022416114807128906, 0.003162860870361328, 0.0021474361419677734, 0.0022499561309814453, 0.0020236968994140625, 0.002241373062133789, 0.002082347869873047, 0.0018265247344970703, 0.002048015594482422, 0.0019333362579345703, 0.0024607181549072266, 0.0027916431427001953, 0.002604961395263672, 0.0025920867919921875, 0.0023605823516845703, 0.002615690231323242, 0.0028295516967773438, 0.002080678939819336, 0.0018634796142578125, 0.001796722412109375, 0.0016636848449707031, 0.0025267601013183594, 0.0019197463989257812, 0.0020215511322021484, 0.0025467872619628906, 0.0017271041870117188, 0.0027785301208496094, 0.0023860931396484375, 0.001638174057006836, 0.0018279552459716797, 0.0014481544494628906, 0.0018799304962158203, 0.0017981529235839844, 0.0015368461608886719, 0.0015783309936523438, 0.0014505386352539062, 0.001458883285522461, 0.001683950424194336, 0.0013773441314697266, 0.0010585784912109375, 0.001558542251586914, 0.001809835433959961, 0.0014858245849609375, 0.0008866786956787109, 0.0015099048614501953, 0.002240896224975586, 0.0010008811950683594, 0.001178741455078125, 0.001031637191772461, 0.001001119613647461, 0.001009225845336914, 0.00128173828125, 0.0010650157928466797, 0.0010530948638916016, 0.0012006759643554688, 0.0010995864868164062, 0.001119375228881836, 0.0012819766998291016, 0.0010249614715576172, 0.0010607242584228516, 0.0010688304901123047, 0.0014064311981201172, 0.002155303955078125, 0.002056598663330078, 0.003222942352294922, 0.00135040283203125, 0.001142740249633789, 0.0012607574462890625, 0.0009911060333251953, 0.0009744167327880859, 0.0012531280517578125, 0.0010616779327392578, 0.00128936767578125, 0.0010678768157958984, 0.0014166831970214844, 0.0008771419525146484, 0.0009021759033203125, 0.0009613037109375, 0.0010113716125488281, 0.0008785724639892578, 0.0008881092071533203, 0.0009219646453857422, 0.0011324882507324219, 0.0011157989501953125, 0.0014569759368896484, 0.0010221004486083984], "L_x_no_index": [0, 1, 3, 5, 7, 9, 11, 13, 15, 17, 18, 20, 22, 24, 26, 28, 30, 32, 34, 35, 37, 39, 41, 43, 45, 47, 49, 51, 52, 54, 56, 58, 60, 62, 64, 66, 68, 69, 71, 73, 75, 77, 79, 81, 83, 85, 86, 88, 90, 92, 94, 96, 98, 100, 102, 103, 105, 107, 109, 111, 113, 115, 117, 119, 120, 122, 124, 126, 128, 130, 132, 134, 136, 137, 139, 141, 143, 145, 147, 149, 151, 153, 154, 156, 158, 160, 162, 164, 166, 168, 170, 171, 173, 175, 177, 179, 181, 183, 185, 187], "L_y_no_index": [0.05452442169189453, 0.06333208084106445, 0.05733084678649902, 0.06910586357116699, 0.062058210372924805, 0.07209253311157227, 0.0816812515258789, 0.0898900032043457, 0.07742524147033691, 0.07080268859863281, 0.06702542304992676, 0.08278512954711914, 0.07871198654174805, 0.07778668403625488, 0.0727074146270752, 0.07935070991516113, 0.07880997657775879, 0.08035087585449219, 0.07849502563476562, 0.07778453826904297, 0.07810473442077637, 0.07891654968261719, 0.07851886749267578, 0.07831406593322754, 0.08069252967834473, 0.07869935035705566, 0.07870316505432129, 0.07818055152893066, 0.07444381713867188, 0.07800602912902832, 0.07831263542175293, 0.08593153953552246, 0.07779693603515625, 0.07776188850402832, 0.07938957214355469, 0.0777273178100586, 0.07777023315429688, 0.08691644668579102, 0.07990288734436035, 0.07792496681213379, 0.07790350914001465, 0.07750868797302246, 0.07793021202087402, 0.07729911804199219, 0.07689476013183594, 0.0774831771850586, 0.07965636253356934, 0.07699370384216309, 0.07716774940490723, 0.07811951637268066, 0.08163285255432129, 0.07967925071716309, 0.07788443565368652, 0.0764780044555664, 0.07768559455871582, 0.07861852645874023, 0.07680583000183105, 0.07840180397033691, 0.07724809646606445, 0.07682037353515625, 0.07761406898498535, 0.07741975784301758, 0.07791471481323242, 0.07908272743225098, 0.08523321151733398, 0.07777690887451172, 0.0798177719116211, 0.08776283264160156, 0.0771951675415039, 0.0762934684753418, 0.0790245532989502, 0.08005046844482422, 0.07706212997436523, 0.07702326774597168, 0.07692885398864746, 0.07738447189331055, 0.0781409740447998, 0.07673478126525879, 0.07736039161682129, 0.07746601104736328, 0.07697439193725586, 0.07758975028991699, 0.07672858238220215, 0.0776057243347168, 0.07680201530456543, 0.07630610466003418, 0.07680821418762207, 0.07811284065246582, 0.07811856269836426, 0.07741117477416992, 0.07718515396118164, 0.07928109169006348, 0.07698225975036621, 0.07737016677856445, 0.07838034629821777, 0.08148312568664551, 0.0790708065032959, 0.07684087753295898, 0.07739734649658203, 0.07689166069030762], "nbr_items_to_display": 100, "index_count_mean_duration": 0.0009152531623840332, "no_index_count_mean_duration": 0.07373952865600586}