{"L_x_index": [0, 18, 37, 56, 75, 94, 113, 132, 151, 170, 189, 208, 227, 246, 265, 284, 303, 321, 340, 359, 378, 397, 416, 435, 454, 473, 492, 511, 530, 549, 568, 587, 606, 625, 643, 662, 681, 700, 719, 738, 757, 776, 795, 814, 833, 852, 871, 890, 909, 928, 946, 965, 984, 1003, 1022, 1041, 1060, 1079, 1098, 1117, 1136, 1155, 1174, 1193, 1212, 1231, 1250, 1268, 1287, 1306, 1325, 1344, 1363, 1382, 1401, 1420, 1439, 1458, 1477, 1496, 1515, 1534, 1553, 1571, 1590, 1609, 1628, 1647, 1666, 1685, 1704, 1723, 1742, 1761, 1780, 1799, 1818, 1837, 1856, 1875], "L_y_index": [0.009698152542114258, 0.008813858032226562, 0.008770227432250977, 0.008226633071899414, 0.009123802185058594, 0.009646177291870117, 0.00880742073059082, 0.008535623550415039, 0.00798940658569336, 0.008493185043334961, 0.00844264030456543, 0.00854945182800293, 0.00928950309753418, 0.010701417922973633, 0.009236574172973633, 0.008789300918579102, 0.00871419906616211, 0.00857686996459961, 0.008711099624633789, 0.008801937103271484, 0.008767127990722656, 0.009557008743286133, 0.009006023406982422, 0.011226415634155273, 0.009925603866577148, 0.009510278701782227, 0.009657144546508789, 0.013620853424072266, 0.01532888412475586, 0.010419607162475586, 0.010097026824951172, 0.009077310562133789, 0.009407281875610352, 0.009913444519042969, 0.008567333221435547, 0.009571552276611328, 0.009988069534301758, 0.010100126266479492, 0.010865449905395508, 0.009552955627441406, 0.009696006774902344, 0.010216474533081055, 0.01124262809753418, 0.011208772659301758, 0.010373353958129883, 0.010913610458374023, 0.01033639907836914, 0.010331869125366211, 0.010704755783081055, 0.009994268417358398, 0.010452747344970703, 0.010368824005126953, 0.009251832962036133, 0.009253978729248047, 0.010084867477416992, 0.009785652160644531, 0.009496450424194336, 0.008981943130493164, 0.008592605590820312, 0.009204626083374023, 0.009066581726074219, 0.010148763656616211, 0.008355379104614258, 0.008262395858764648, 0.0125732421875, 0.008064985275268555, 0.007947444915771484, 0.00925135612487793, 0.008275747299194336, 0.010586261749267578, 0.008543014526367188, 0.007937908172607422, 0.008585691452026367, 0.008265256881713867, 0.00802922248840332, 0.009233951568603516, 0.008264303207397461, 0.007965087890625, 0.008549213409423828, 0.009285688400268555, 0.008642196655273438, 0.007752418518066406, 0.009235858917236328, 0.008993864059448242, 0.009568214416503906, 0.00917816162109375, 0.01012563705444336, 0.008236169815063477, 0.008313894271850586, 0.009573698043823242, 0.008614778518676758, 0.008138418197631836, 0.008255243301391602, 0.009713172912597656, 0.008385658264160156, 0.008054494857788086, 0.014043092727661133, 0.008012533187866211, 0.008148193359375, 0.00977778434753418], "L_x_no_index": [0, 18, 37, 56, 75, 94, 113, 132, 151, 170, 189, 208, 227, 246, 265, 284, 303, 321, 340, 359, 378, 397, 416, 435, 454, 473, 492, 511, 530, 549, 568, 587, 606, 625, 643, 662, 681, 700, 719, 738, 757, 776, 795, 814, 833, 852, 871, 890, 909, 928, 946, 965, 984, 1003, 1022, 1041, 1060, 1079, 1098, 1117, 1136, 1155, 1174, 1193, 1212, 1231, 1250, 1268, 1287, 1306, 1325, 1344, 1363, 1382, 1401, 1420, 1439, 1458, 1477, 1496, 1515, 1534, 1553, 1571, 1590, 1609, 1628, 1647, 1666, 1685, 1704, 1723, 1742, 1761, 1780, 1799, 1818, 1837, 1856, 1875], "L_y_no_index": [0.7340633869171143, 1.0805010795593262, 0.8112313747406006, 0.711554765701294, 0.7458457946777344, 0.7337331771850586, 0.909696102142334, 0.7174301147460938, 0.6846044063568115, 0.7171669006347656, 0.7230532169342041, 0.7014081478118896, 0.7129461765289307, 0.6810586452484131, 0.6970622539520264, 0.6765046119689941, 0.6735057830810547, 0.6852259635925293, 0.6912813186645508, 0.6891748905181885, 0.683880090713501, 0.6851720809936523, 0.8345961570739746, 0.7148258686065674, 0.6843216419219971, 0.679865837097168, 0.7098662853240967, 0.6935310363769531, 0.6908645629882812, 0.6937720775604248, 0.6791658401489258, 0.684605598449707, 0.6845235824584961, 0.6930675506591797, 0.6730775833129883, 0.6761467456817627, 0.7220621109008789, 0.6796572208404541, 0.669015645980835, 0.6906952857971191, 0.681795597076416, 0.6843416690826416, 0.6736636161804199, 0.6691851615905762, 0.6869702339172363, 0.6762340068817139, 0.6842725276947021, 0.6771283149719238, 0.6822853088378906, 0.6852712631225586, 0.6966328620910645, 0.6947121620178223, 0.6834421157836914, 0.6785621643066406, 0.6898999214172363, 0.6723337173461914, 0.6788749694824219, 0.6888878345489502, 0.6786642074584961, 0.6764578819274902, 0.6798505783081055, 0.6777887344360352, 0.6823086738586426, 0.6820633411407471, 0.687319278717041, 0.6732633113861084, 0.6789388656616211, 0.6796035766601562, 0.6506953239440918, 0.66943359375, 0.6723117828369141, 0.6986122131347656, 0.6851298809051514, 0.6831140518188477, 0.6698718070983887, 0.6818051338195801, 0.6743354797363281, 0.6677515506744385, 0.6700499057769775, 0.6892104148864746, 0.6719250679016113, 0.6855225563049316, 0.6803081035614014, 0.6823558807373047, 0.6657962799072266, 0.6750836372375488, 0.6798615455627441, 0.676616907119751, 0.698002815246582, 0.6716234683990479, 0.6723954677581787, 0.6824572086334229, 0.6812155246734619, 0.6856241226196289, 0.6823229789733887, 0.6824278831481934, 0.6881606578826904, 0.6744201183319092, 0.6825625896453857, 0.6677274703979492], "nbr_items_to_display": 100, "index_count_mean_duration": 0.0018042159080505372, "no_index_count_mean_duration": 0.6610119223594666}