{"L_x_index": [0, 18, 37, 56, 75, 94, 113, 132, 151, 170, 189, 208, 227, 246, 265, 284, 303, 321, 340, 359, 378, 397, 416, 435, 454, 473, 492, 511, 530, 549, 568, 587, 606, 625, 643, 662, 681, 700, 719, 738, 757, 776, 795, 814, 833, 852, 871, 890, 909, 928, 946, 965, 984, 1003, 1022, 1041, 1060, 1079, 1098, 1117, 1136, 1155, 1174, 1193, 1212, 1231, 1250, 1268, 1287, 1306, 1325, 1344, 1363, 1382, 1401, 1420, 1439, 1458, 1477, 1496, 1515, 1534, 1553, 1571, 1590, 1609, 1628, 1647, 1666, 1685, 1704, 1723, 1742, 1761, 1780, 1799, 1818, 1837, 1856, 1875], "L_y_index": [0.0037331581115722656, 0.0025930404663085938, 0.0022292137145996094, 0.0024569034576416016, 0.0024917125701904297, 0.002466440200805664, 0.002318859100341797, 0.002340078353881836, 0.0024695396423339844, 0.002367258071899414, 0.002435445785522461, 0.0022728443145751953, 0.0025942325592041016, 0.0029442310333251953, 0.0024504661560058594, 0.0023605823516845703, 0.0026764869689941406, 0.002596616744995117, 0.0027217864990234375, 0.002527475357055664, 0.00267791748046875, 0.0053675174713134766, 0.0026438236236572266, 0.0026671886444091797, 0.0027990341186523438, 0.002605438232421875, 0.002686738967895508, 0.0028383731842041016, 0.0029664039611816406, 0.0029306411743164062, 0.002768993377685547, 0.0028276443481445312, 0.0027399063110351562, 0.002734661102294922, 0.0027811527252197266, 0.002910137176513672, 0.003642559051513672, 0.002663850784301758, 0.003053903579711914, 0.0029909610748291016, 0.002968311309814453, 0.00301361083984375, 0.003113269805908203, 0.003704071044921875, 0.002968311309814453, 0.002997875213623047, 0.0030951499938964844, 0.0032422542572021484, 0.003143310546875, 0.0032601356506347656, 0.0035486221313476562, 0.0032608509063720703, 0.0031299591064453125, 0.003165006637573242, 0.003006458282470703, 0.0031044483184814453, 0.003224611282348633, 0.003970146179199219, 0.0032739639282226562, 0.0034368038177490234, 0.0034346580505371094, 0.0030286312103271484, 0.003080606460571289, 0.00357818603515625, 0.0037834644317626953, 0.0022652149200439453, 0.003026247024536133, 0.0032052993774414062, 0.0022592544555664062, 0.002445220947265625, 0.002020120620727539, 0.0020627975463867188, 0.0024149417877197266, 0.0019669532775878906, 0.0020694732666015625, 0.0020923614501953125, 0.00214385986328125, 0.0023131370544433594, 0.0021097660064697266, 0.002149820327758789, 0.00275421142578125, 0.0024328231811523438, 0.002065896987915039, 0.0021076202392578125, 0.0021331310272216797, 0.0031976699829101562, 0.001966714859008789, 0.0020492076873779297, 0.0019905567169189453, 0.0020575523376464844, 0.0022156238555908203, 0.002106904983520508, 0.002057313919067383, 0.0020422935485839844, 0.0019865036010742188, 0.0020139217376708984, 0.002118349075317383, 0.0019550323486328125, 0.0020904541015625, 0.002913236618041992], "L_x_no_index": [0, 18, 37, 56, 75, 94, 113, 132, 151, 170, 189, 208, 227, 246, 265, 284, 303, 321, 340, 359, 378, 397, 416, 435, 454, 473, 492, 511, 530, 549, 568, 587, 606, 625, 643, 662, 681, 700, 719, 738, 757, 776, 795, 814, 833, 852, 871, 890, 909, 928, 946, 965, 984, 1003, 1022, 1041, 1060, 1079, 1098, 1117, 1136, 1155, 1174, 1193, 1212, 1231, 1250, 1268, 1287, 1306, 1325, 1344, 1363, 1382, 1401, 1420, 1439, 1458, 1477, 1496, 1515, 1534, 1553, 1571, 1590, 1609, 1628, 1647, 1666, 1685, 1704, 1723, 1742, 1761, 1780, 1799, 1818, 1837, 1856, 1875], "L_y_no_index": [0.057323455810546875, 0.06891798973083496, 0.07367563247680664, 0.10406112670898438, 0.10378479957580566, 0.11228299140930176, 0.12367510795593262, 0.13648366928100586, 0.14221739768981934, 0.1522507667541504, 0.15588903427124023, 0.18775177001953125, 0.17932367324829102, 0.19924116134643555, 0.21841073036193848, 0.2178788185119629, 0.22860240936279297, 0.23546957969665527, 0.25818753242492676, 0.2646799087524414, 0.26163291931152344, 0.2854433059692383, 0.38878917694091797, 0.2905080318450928, 0.306560754776001, 0.32076096534729004, 0.349092960357666, 0.32802891731262207, 0.3307645320892334, 0.3248863220214844, 0.3684580326080322, 0.3600320816040039, 0.35646629333496094, 0.38864970207214355, 0.406177282333374, 0.4007878303527832, 0.43273377418518066, 0.4477427005767822, 0.4535670280456543, 0.43628549575805664, 0.46251583099365234, 0.49903130531311035, 0.5131242275238037, 0.5214245319366455, 0.5120491981506348, 0.5370547771453857, 0.5464048385620117, 0.56260085105896, 0.5394933223724365, 0.5762424468994141, 0.569514274597168, 0.6061549186706543, 0.5446033477783203, 0.6170799732208252, 0.575308084487915, 0.6570498943328857, 0.6344034671783447, 0.6342918872833252, 0.685558557510376, 0.696190595626831, 0.703690767288208, 0.7205393314361572, 0.7027294635772705, 0.8779683113098145, 0.6893007755279541, 0.6844577789306641, 0.6912519931793213, 0.6997096538543701, 0.679105281829834, 0.6881911754608154, 0.6860470771789551, 0.6921772956848145, 0.7073473930358887, 0.681450605392456, 0.6982567310333252, 0.6979458332061768, 0.6820533275604248, 0.7045774459838867, 0.6859710216522217, 0.6642146110534668, 0.6867430210113525, 0.6960015296936035, 0.6799824237823486, 0.6862578392028809, 0.691046953201294, 0.6787810325622559, 0.6889235973358154, 0.6811175346374512, 0.6882739067077637, 0.6863176822662354, 0.6788384914398193, 0.6855630874633789, 0.6842129230499268, 0.6817855834960938, 0.6824355125427246, 0.6877422332763672, 0.6937711238861084, 0.6931047439575195, 0.6881821155548096, 0.6830587387084961], "nbr_items_to_display": 100, "index_count_mean_duration": 0.0014355778694152832, "no_index_count_mean_duration": 0.6551501512527466}